# Array shape: (2, 2, 2)
7.200000000000000844e-02 2.199999999999999872e-02
1.570000000000000007e-01 2.199999999999999872e-02
# New slice
1.739999999999999880e-01 1.250000000000000000e-01
-5.519999999999998241e-01 -5.519999999999998241e-01
# New slice
